,ID,Sequence,Calcium probability,Calcium prediction,nAChR probability,nAChR prediction,Potassium probability,Potassium prediction,Sodium probability,Sodium prediction
0,sp|P58923|1-30,SCSGRDSRCPPVCCMGLMCSRGKCVSIYGE,0.9943212270736694,Modulator,0.9957631826400757,Modulator,0.9999998807907104,Modulator,0.9999799728393555,Modulator
1,sp|P15472|1-34,ACSGRGSRCPPQCCMGLRCGRGNPQKCIGAHEDV,0.9748836755752563,Modulator,0.9990196228027344,Modulator,0.9999501705169678,Modulator,0.999862551689148,Modulator
2,sp|P0C256|1-43,GHVSCGKDGRACDYHADCCNCCLGGICKPSTSWIGCSTNVFLT,0.9987308382987976,Modulator,0.9975078105926514,Modulator,0.9936738014221191,Modulator,0.9999710321426392,Modulator
3,sp|P0C257|1-45,GAVPCGKDGRQCRNHADCCNCCPIGTCAPSTNWILPGCSTGQFMT,0.9994454979896545,Modulator,0.9985111355781555,Modulator,0.9997500777244568,Modulator,0.9999104738235474,Modulator
4,sp|P0C259|1-42,GCKKDRKPCSYQADCCNCCPIGTCAPSTNWILPGCSTGPFMA,0.9999221563339233,Modulator,0.9971063733100891,Modulator,0.9989823698997498,Modulator,0.9999520778656006,Modulator
5,sp|Q7Z090|36-75,GPRCWVGRVHCTYHKDCCPSVCCFKGRCKPQSWGCWSGPT,0.9997548460960388,Modulator,0.986404538154602,Modulator,0.9999945163726807,Modulator,0.9999839067459106,Modulator
6,sp|P0C612|1-38,NWSWCSGSGEGCDYHSECCGERCCIESMCIGDGVACWP,0.9999196529388428,Modulator,0.9983779191970825,Modulator,0.9999997615814209,Modulator,0.9999963045120239,Modulator
7,sp|Q7Z095|1-46,GPSFCKADEKPCEYHSDCCNCCLSGICAPSTNWILPGCSTSSFFKI,0.99996018409729,Modulator,0.9783146381378174,Modulator,0.7963072061538696,Modulator,0.9999170303344727,Modulator
8,sp|Q7Z096|37-79,GPSFCKADEKPCKYHADCCNCCLGGICKPSTSWIGCSTNVFLT,0.9993969202041626,Modulator,0.996489942073822,Modulator,0.9995664954185486,Modulator,0.9999501705169678,Modulator
9,sp|Q7Z0A5|1-44,GHVPCGKDGRKCGYHADCCNCCLSGICKPSTSWTGCSTSTVQLT,0.9994809031486511,Modulator,0.8754262328147888,Modulator,0.9974955916404724,Modulator,0.9998862743377686,Modulator
10,sp|P0C349|1-22,RHGCCKGPKGCSSRECRPQHCC,0.9590489864349365,Modulator,0.9990891218185425,Modulator,0.9999998807907104,Modulator,0.9999932050704956,Modulator
11,sp|C1J5M5|52-74,VTDRCCKGKRECGRWCRDHSRCC,0.997461199760437,Modulator,0.9992163181304932,Modulator,1.0,Modulator,0.9999927282333374,Modulator
12,sp|P0C1T9|1-22,GRCCDVPNACSGRWCRDHAQCC,0.9962525367736816,Modulator,0.9990851879119873,Modulator,0.99992835521698,Modulator,0.9999938011169434,Modulator
13,sp|P0C1U1|1-22,GRCCEGPNGCSSRWCKDHARCC,0.9813904762268066,Modulator,0.9989608526229858,Modulator,0.9999488592147827,Modulator,0.9999909400939941,Modulator
14,sp|P01523|51-72,RDCCTPPKKCKDRQCKPQRCCA,0.9872877597808838,Modulator,0.9982044696807861,Modulator,1.0,Modulator,0.9999895095825195,Modulator
15,sp|P0C195|1-16,CCNCSSKWCRDHSRCC,0.9994227886199951,Modulator,0.9986658096313477,Modulator,0.9999997615814209,Modulator,0.9996041655540466,Modulator
16,sp|P58925|50-71,QRLCCGFPKSCRSRQCKPHRCC,0.9983434677124023,Modulator,0.9973517656326294,Modulator,0.9999998807907104,Modulator,0.9990181922912598,Modulator
17,sp|P60207|7-28,QRCCNGRRGCSSRWCRDHSRCC,0.9963107705116272,Modulator,0.9994078874588013,Modulator,1.0,Modulator,0.9999626874923706,Modulator
18,sp|Q86DU6|52-71,QNCCNGGCSSKWCRDHARCC,0.9966913461685181,Modulator,0.9992315769195557,Modulator,1.0,Modulator,0.9999810457229614,Modulator
19,sp|C1J5M6|52-75,VGERCCKNGKRGCGRWCRDHSRCC,0.998468816280365,Modulator,0.999190628528595,Modulator,0.9999992847442627,Modulator,0.9999910593032837,Modulator
20,sp|P0C1U0|1-25,QGCCGEPNLCFTRWCRNNARCCRQQ,0.999258816242218,Modulator,0.9993035793304443,Modulator,0.99996018409729,Modulator,0.999992847442627,Modulator
21,sp|P01524|1-22,RDCCTPPRKCKDRRCKPMKCCA,0.9597108364105225,Modulator,0.9990701079368591,Modulator,1.0,Modulator,0.9999927282333374,Modulator
22,sp|P0CH16|1-22,ERVCCGYPMSCKSRACKPSYCC,0.95988929271698,Modulator,0.9978183507919312,Modulator,1.0,Modulator,0.9999945163726807,Modulator
23,sp|P0C8V3|1-23,QKCCTGKKGSCSGRACKNLRCCA,0.9990348815917969,Modulator,0.9993708729743958,Modulator,0.9999997615814209,Modulator,0.9999618530273438,Modulator
24,sp|C1J5M7|52-77,IVDRCCNKGNGKRGCSRWCRDHSRCC,0.997776448726654,Modulator,0.9994679093360901,Modulator,0.9999992847442627,Modulator,0.9999891519546509,Modulator
25,sp|Q9BP55|25-41,CCKYGWTCVLGCSPCGC,0.9997318387031555,Modulator,0.9987685084342957,Modulator,0.9999974966049194,Modulator,0.9996988773345947,Modulator
26,sp|P0C8V5|52-83,DECFSPGTFCGIKPGLCCSAWCYSFFCLTLTF,0.9999568462371826,Modulator,0.9970489144325256,Modulator,0.9998890161514282,Modulator,0.9999728202819824,Modulator
27,sp|P0CB09|52-78,WCKQSGEMCNLLDQNCCEGYCIVLVCT,0.999784529209137,Modulator,0.9986434578895569,Modulator,0.9999997615814209,Modulator,0.9999920129776001,Modulator
28,sp|P0C8V6|52-83,DECYPPGTFCGIKPGLCCSERCFPFVCLSLEF,0.9998997449874878,Modulator,0.9955512285232544,Modulator,0.9988948702812195,Modulator,0.9999696016311646,Modulator
29,sp|P58913|52-80,EACYAPGTFCGIKPGLCCSEFCLPGVCFG,0.9998323917388916,Modulator,0.9983159303665161,Modulator,0.9998884201049805,Modulator,0.9999969005584717,Modulator
30,sp|Q26443|52-82,ACSKKWEYCIVPILGFVYCCPGLICGPFVCV,0.9998611211776733,Modulator,0.9986005425453186,Modulator,0.12875200808048248,-,0.9999595880508423,Modulator
31,sp|P60179|1-26,CKQAGESCDIFSQNCCVGTCAFICIE,0.999761164188385,Modulator,0.9987527132034302,Modulator,0.9994033575057983,Modulator,0.999990701675415,Modulator
32,sp|P69748|52-78,DGCSNAGAFCGIHPGLCCSEICIVWCT,0.9990528225898743,Modulator,0.9990102052688599,Modulator,0.9998997449874878,Modulator,0.9999947547912598,Modulator
33,sp|P69749|52-78,DECSAPGAFCLIRPGLCCSEFCFFACF,0.9999184608459473,Modulator,0.9978976249694824,Modulator,0.999444305896759,Modulator,0.9999892711639404,Modulator
34,sp|P69750|52-82,YECYSTGTFCGINGGLCCSNLCLFFVCLTFS,0.9999170303344727,Modulator,0.998012900352478,Modulator,0.9397497177124023,Modulator,0.9998974800109863,Modulator
35,sp|P60513|1-32,DDCIKPYGFCSLPILKNGLCCSGACVGVCADL,0.9996904134750366,Modulator,0.998956561088562,Modulator,0.9609668254852295,Modulator,0.999987006187439,Modulator
36,sp|Q9TWM7|49-77,VKPCRKEGQLCDPIFQNCCRGWNCVLFCV,0.9999144077301025,Modulator,0.9986515641212463,Modulator,0.9999275207519531,Modulator,0.9992753863334656,Modulator
37,sp|P69753|52-83,DGCYNAGTFCGIRPGLCCSEFCFLWCITFVDS,0.9998834133148193,Modulator,0.9981693029403687,Modulator,0.9979037046432495,Modulator,0.9999768733978271,Modulator
38,sp|P69755|52-83,DECYPPGTFCGIKPGLCCSAICLSFVCISFDF,0.9999622106552124,Modulator,0.9951933026313782,Modulator,0.8945476412773132,Modulator,0.9999659061431885,Modulator
39,sp|P0CC15|1-32,DECFSPGTFCGFKPGLCCSARCFSLFCISLEF,0.9998080134391785,Modulator,0.9923863410949707,Modulator,0.9945650100708008,Modulator,0.9999550580978394,Modulator
40,sp|A6YR20|43-87,DVCDSLVGGHCIHNGCWCDQEAPHGNCCDTDGCTAAWWCPGTKWD,0.9999728202819824,Modulator,0.9981406927108765,Modulator,0.9999994039535522,Modulator,0.9999984502792358,Modulator
41,sp|Q1A3R1|51-62,DCCPAKLLCCNP,0.9988238215446472,Modulator,0.999054491519928,Modulator,0.9999994039535522,Modulator,0.9997928738594055,Modulator
42,sp|Q9U657|53-83,TCQRRWDFCPGALVGVITCCGGLICLGVMCI,0.9995741248130798,Modulator,0.9992082715034485,Modulator,0.9998533725738525,Modulator,0.9979265928268433,Modulator
