ID,Sequence,Label,SeqLen
O57540,MKILYLLFAFLFLAFLSEPGNAYKQCHKKGGHCFPKEKICIPPSSDFGKMDCRWRWKCCKKGSGK,TOXICITY,65.0
Q95P90,MVKMQVIFIAFIAVIACSMVYGDSLSPWNEGDTYYGCQRQTDEFCNKICKLHLASGGSCQQPAPFVKLCTCQGIDYDNSFFFGALEKQCPKLRG,TOXICITY,94.0
P84713,FHGGSWYRFPWGY,TOXICITY,13.0
P0DL17,SVDFNSESTRREEKQKEIVDLHNXLRDXVX,TOXICITY,30.0
P0DP36,MKMSIVIILLLFTCLIATNGASGTKCSGSPECVKFCRTKGCRNGKCMNRSCKCYLCS,TOXICITY,57.0
P0C8X9,MKNIAMKTTVVLTILLLSVLTAINADTMKKRSDYCSNDFCFFSCRRDRCARGDCENGKCVCKNCHLN,TOXICITY,67.0
P83974,MKTSILFVIFSLALLFALSAATEIEETDRACGQFWWKCGEGKPPCCANFACKIGLYLCIWSP,TOXICITY,62.0
P0DN05,LVVSVTSRRVRFWDDFERDENFEEERPYLRNVKRACNDYKSSSYCRSVGSRNECGIHKYRMYCRKTCGSC,TOXICITY,70.0
I6S7H3,MLVFYAILFVTVFSNTVMGATIDKPIPKPIFREAIEEMEVNKRAKNPYCKEEKCPVGKHCPKKPIVCRIGPCCV,TOXICITY,74.0
P60165,DEEPKETCSDEMCVIYCKGEEYSTGVCDGPQKCKCSD,TOXICITY,37.0
P59867,ASCRTPKDCADPCRKETGCPYGKCMNRKCKCNRC,TOXICITY,34.0
P59936,WCSTCLDLACGASRECYDPCFKAFGRAHGKCMNNKCRCYT,TOXICITY,40.0
E2S065,MKFQMIAAVLLIAFCLSVVVTARMELQDDEDMKNGSFQKRRTCIDTIPKSRCTAFQCKHSMKYRLSFCRKTCGTC,TOXICITY,75.0
B3EWY1,MKILSILLIALVICSISICTEAFGLIDVKCSASRECWVACKKVTGSGQGKCQNNQCRCY,TOXICITY,59.0
Q86QV5,DRDSCVDKSRCAKYGYYQQCEICCKKAGHRGGTCEFFKCKCKV,TOXICITY,43.0
P0C7W7,XIIGAPCRRCYHSDGKGGCVRDWSCGQQ,TOXICITY,28.0
B3SVF1,MSKLGVVLFVFLLLLPLAAPQPVGDQPADQPADRNAEARGTYLYPFSYYRLWRYFTRFLHKQPYYYVHI,TOXICITY,69.0
Q9BN11,RCHFVICTTDCRRNSPGTYGECVKKEKGKECVCKS,TOXICITY,35.0
Q95P89,MNRLTTIILMLIVINVIMDDISESKVAAGIVCKVCKIICGMQGKKVNICKAPIKCKCKKG,TOXICITY,60.0
P86106,IRCTGSKECYSPCYKATGCPNAKC,TOXICITY,24.0
P83746,DDCLGMFSSCDPKNDKCCPNRVCRSRDQWCKYKLW,TOXICITY,35.0
I6R1R9,MKPSMAILLVIALIIFSLDKSYSANDKPIGKCGDAKRNKPCLACSHRSSIADFYSKCCTYDAVYNGCLDKLRH,TOXICITY,73.0
P28374,EVKYDPCFGHKIDRINHVSNLGCPSLRDPRPNAPSTSA,TOXICITY,38.0
Q0PL65,RQRHPDCDKPPDTKRCTGHNPAFYYNPRRKNCERFSYGGCGGNGNHFKTKQLCHCHCHEND,TOXICITY,61.0
F1CJ67,MQKLLIILILFCILKFNVDVEGRTAFPCNQSKCQERCKKEIKKGKCILQFISVSASQSCRCY,TOXICITY,62.0
A9XE60,MQRNLVVLLFLGMVALSSCGFREKHFQRFVKYAVPESTLRTVLQTVVHKVGKTQFGCPAYQGYCDDHCQDIEKKEGFCHGFKCKCGIPMGF,TOXICITY,91.0
P0DJ47,KHGSINCRLPPERGPCRGNITKYYYHNESRTCRTFSYGGCEGNSNNFRNRHYCMKYCARKRHGWLGTGWI,TOXICITY,70.0
E4VP04,MKNYCGIITLFLAIISATGVFCVDFPNKGGKCDRKECRKTCKKLNYRGKCFPNYCRCFPG,TOXICITY,60.0
P0DN01,MNLKVLAVFVLCAILVVVTAERRGTETGGYKKDTLQDLKKRTHDCFDRYREAACTSDNIRLLCKTSAKYQINCKKSCGLC,TOXICITY,80.0
P60993,ECRYFWGECNDEMVCCEHLVCKEKWPITYKICVWDRTF,TOXICITY,38.0
P0DM28,ATSGPMGWLPVFYRF,TOXICITY,15.0
P0DL18,SVDFDSESPRKPXIQNEIVDLHNPLRRXVN,TOXICITY,30.0
P0DMY4,MNKALFLCLVVLCAAVVFAAEDLQKAKHAPFKRGAQVCFCPGKVDRGDLWILRGDCPGGYGYTSNCYTWPNICCYPQSFSGR,TOXICITY,82.0
P0CI47,MKMKIFIITIVIALFITSIVEAQNKLDVKCVRLETCREPCKKQLCLLPMKCMNGKCVCSPSRKIC,TOXICITY,65.0
P86271,GCMKEYCAGQCRGKVSQDYCLKHCKCIPR,TOXICITY,29.0
A0A2L0ART2,MEKKIIFLVFLVALLALPGFISTEVIKKDTPYKKRKFPYKSECLKACATSFTGGDESRIQEGKPGFFKCTCYFTTG,TOXICITY,76.0
P62520,MKNTSILFILGLALLLVLAFEAQVGESDGECGGFWWKCGRGKPPCCKGYACSKTWGWCAVEAP,TOXICITY,63.0
P0C615,CRTEGMSCEENQQCCWRSCCRGECEAPCRFGP,TOXICITY,32.0
P0C1Z3,DPCYEVCLQQHGNVKECEEACKHPVEY,TOXICITY,27.0
P0DJL0,FLVLLLVSLMCYAEIAEGSQPTECKYGRPCNSDRDCCWEYRCLSSGREYTCKQDPGP,TOXICITY,57.0
B1JD79,MSPESRIVELETRQAFQDDTIQELNDVVVEQGRVIQRLQLQVAELIKRYEEMVGQYGSEGEEAPPPHY,NOT,68
B9J7T1,MANTSSAKKATRKIARRTEVNKARRSRVRTFVRQVEEAIASGDATLAKEAFLAAQPELARAATKGVLHANTASRKVSRLAKRVKALSAPTA,NOT,91
P84658,GSSGLIPMGRT,NOT,11
P12168,MEVNILAFIATALFILIPTAFLLILYVQTASQNS,NOT,34
Q3BVS6,MIKWAIIFAIIGLIAGALGFGGMAGAAMGIAKFLFWAGIIIAIVLFVLGMTIAKKVT,NOT,57
Q28V95,MPKMKTKSSAKKRFKVTSTGKVMAAQAGKQHGMIKRSNKFLRNARGTSELSAPDSKIVKSYMPYDR,NOT,66
O68845,MPKMKNNKGAAKRFKKTAGGIKYKHATKRHILTKRTTKNKRQLRPNAILPKCELAAVARMLPYA,NOT,64
A4QLV4,MAKGKDVRVTIILECTSCVRNDIKKESSGISRYITQKNRHNTPSRLELRKFCPYCYKHTIHGEIKK,NOT,66
P0CAY1,MNWELCDDYPSKAPPETCNKVDGARRCRTSCNNEGYGGANCNLKGKVKVCECTILRVCLPHHKRPPHVPKPPK,NOT,73
P60137,MTQSNPNEQNVELNRTSLYWGLLLIFVLAVLFSNYFFN,NOT,38
Q9GF90,MEALVYTFLLVSTLGIIFFAIFFREPPKVPTKRMK,NOT,35
O83886,MAPGLWEQEQSLSCGTCTYGRTEVNSRILRKLRVGIGYEREL,NOT,42
Q04L74,MANIKSAIKRAELNVKQNEKNSAQKSAMRTAIKAFEANPSEELFRAASSAIDKAETKGLIHKNKASRDKARLSAKLAK,NOT,78
P0A0E0,MSELFSNDNIFLNVNVNSQNEAIEKAGKALVDSGAVTDAYIQVVSTFMGNGLAIPHGTDD,NOT,60
O34407,MDSREQIDWTCNECNFSWIGDNSDFSCPSCDEIDIKPKNKILD,NOT,43
C0HK30,GKPICGETCFKGKCYTPGCTCSYPICKKD,NOT,29
Q9CE43,MTFYNYLMRHRAPVEKDDATRLANLVFQDPLFPKQSKDFDEISTYLETQAPFYFNLTLFDNIWESYLEA,NOT,69
Q2MIG1,MEALVYTFLLVSTLGIIFFAIFFREPPKVPTKKN,NOT,34
B7KCV9,MSIVFQIALAALVFFSFVMVIGVPFAYAAPQYWDQSKPLLWVGSGIWTILVIVVAVLNFFVI,NOT,62
P0C826,MAIVGTIIKIIKAIIDIFAK,NOT,20
P02334,MPRRRRSSRRPVRRRRRPRVSRRRRRRGGRRRR,NOT,33
C1FQ93,MREGIHPEYNHDVVVKCACGNTFTTGSTNKELKVEICSKCHPFFTGKQKIVDAGGRVDKFMKKFNLSNEDVK,NOT,72
B4KQ08,MITDVQLAIFSNVLGVFLFLLVVAYHYINANTGKSSIKNK,NOT,40
A7X2X5,MSKTVVRKNESLEDALRRFKRSVSKSGTIQEVRKREFYEKPSVKRKKKSEAARKRKFK,NOT,58
P84011,ACLARGETCKDDCECCDCDNQCYCPFDWFGGKWHPVGCSCAYTNKYVCDHKKEKCKKA,NOT,58
C3KWA2,MQITDVRVRKIAAEGKMKAIVSVTFDNEFVVHDIKVIEGQNGLFIAMPSRKTPDGEYKDIAHPINTETREKIQKSIIEEYERAKMEEESSEKVQE,NOT,95
E7EKH2,MFTMKKSLLLIFFLGTINLSLCEEERNADEDEKRDGDDESDVEVQKRFMGTALKIAANVLPAAFCKIFKKC,NOT,71
P11425,MGKITIVNIDDCVACGACSGTCPQSVLEVNDHVEIKNPDDCIGCGACVDACPQGVLKVE,NOT,59
Q65J23,MTHQKHHPDDRSDNVEKLQDMVQNTIENIEESEEQLSFASEAEQEQIREKNERRNESIEAMRNEIHDEAEARKNGYHQ,NOT,78
Q09FX7,MLTLKLFVYTVVIFFVSLFIFGFLSNDPGRNPGREE,NOT,36
B6I2F4,MEPDPTPLPRRRLKLFR,NOT,17
P24429,MSQASSSPGEGPSSEAAAISEAEAASGS,NOT,28
C3N7D4,MSEIKFYLVKGSALFGESHYPEKRKFVKIVRALNEKQAIEYIYSYFGSKNKIKRYNIKIEQISEIKEEEIPDRRIRELAKIDKIIM,NOT,86
Q95JD2,MRIHYLLFALLFLFLVPVPGHGGIINTLQKYYCRVRGGRCAVLTCLPKEEQIGKCSTRGRKCCRRKK,NOT,67
C0HK89,GLGSLLGKAFKIGLKTVGKMMGGAPREQ,NOT,28
P57898,MAKEDCIEMQGTILETLPNTMFRVELENGHVVTAHISGKMRKNYIRILTGDKVTIEMTPYDLNKGRIIFRSR,NOT,72
Q73F83,MAKKSMIAKQKRTPKFKVQEYTRCERCGRPHSVYRKFKLCRICFRELAYKGQIPGVKKASW,NOT,61
P84015,GFCAQKGIKCHDIHCCTNLKCVREGSNRVCRKA,NOT,33
P86850,GTVPCGESCVFIPCITGIAGCSCKNKVCYID,NOT,31
Q91FS3,MKELIFFLLIIVILFVVFMVVSSKQTKTFGRNEEPFLQIKNNLGWGGCGLTNWF,NOT,54
